feature,p75_ES,p75_NQ,facteur,sens,seuil_partageable
dist_ext_long_dn,2.0,164.5,82.25,NQ plus grand,False
dist_mq_put_0dte,3.0,246.5,82.16666666666667,NQ plus grand,False
dist_ext_long_up,4.0,164.0,41.0,NQ plus grand,False
dist_mq_put_0dte_pct,0.01,0.208486,20.8486,NQ plus grand,False
delta_div_strength,0.277382,0.015885,17.461882278879447,ES plus grand,False
delta_div_slope_strength,0.277382,0.015885,17.461882278879447,ES plus grand,False
im_price_ratio_slope_10,9e-06,0.000144,16.0,NQ plus grand,False
avg_bid_size,149.1667,10.0,14.91667,ES plus grand,False
avg_trade_size,272.6667,18.6405,14.627649472921863,ES plus grand,False
avg_ask_size,147.6667,10.21845,14.45098816356688,ES plus grand,False
dist_long_up_nearest_pct,0.01,0.14,14.000000000000002,NQ plus grand,False
dist_long_dn_nearest_pct,0.01,0.14,14.000000000000002,NQ plus grand,False
n_big_bid_v2_t3,13.0,1.0,13.0,ES plus grand,False
n_big_bid_t3,13.0,1.0,13.0,ES plus grand,False
dist_mq_hvl_0dte,69.0,820.5,11.891304347826088,NQ plus grand,False
open_gap_ticks,62.0,672.0,10.838709677419354,NQ plus grand,False
dist_vwap_w,76.6367,810.4765500000001,10.575566928116686,NQ plus grand,False
dist_prev_vpoc,81.0,834.0,10.296296296296296,NQ plus grand,False
dist_ib_low,-15.0,-148.0,9.866666666666667,NQ plus grand,False
dist_asia_high_pct,0.267921,-0.027863,9.615655169938629,ES plus grand,False
max_big_bid_vol_in_bar,339.0,36.0,9.416666666666666,ES plus grand,False
max_bid_vol_in_bar,339.0,36.0,9.416666666666666,ES plus grand,False
max_big_ask_vol_in_bar,336.0,37.0,9.08108108108108,ES plus grand,False
max_ask_vol_in_bar,336.0,37.0,9.08108108108108,ES plus grand,False
ib_atr,25.090909,219.925,8.76512684335191,NQ plus grand,False
dist_pdh,184.0,1608.0,8.73913043478261,NQ plus grand,False
low_pullback_delta,34.0,4.0,8.5,ES plus grand,False
dist_cur_vpoc,14.0,118.0,8.428571428571429,NQ plus grand,False
ib_range_ticks,123.0,1024.0,8.325203252032521,NQ plus grand,False
ib_range,31.5625,261.1875,8.275247524752475,NQ plus grand,False
high_pullback_delta,33.0,4.0,8.25,ES plus grand,False
dist_gex_nearest_up,94.0,771.5,8.207446808510639,NQ plus grand,False
dist_swing_low,-5.0,-40.0,8.0,NQ plus grand,False
dist_ib_high,82.0,653.0,7.963414634146342,NQ plus grand,False
dist_ovn_low,-9.0,-71.0,7.888888888888889,NQ plus grand,False
dist_prev_vah,142.0,1097.0,7.725352112676056,NQ plus grand,False
dist_mq_hvl,73.0,559.0,7.657534246575342,NQ plus grand,False
dist_open_cash,45.0,340.0,7.555555555555555,NQ plus grand,False
dist_prev_val,35.0,257.5,7.357142857142857,NQ plus grand,False
div_at_key_level_ticks,9.0,66.0,7.333333333333333,NQ plus grand,False
dist_prev_vwap_sd1u,146.7188,1071.8164000000002,7.305242409289064,NQ plus grand,False
dist_mq_call,436.0,3125.5,7.168577981651376,NQ plus grand,False
dist_ovn_high,150.0,1072.5,7.15,NQ plus grand,False
dist_sess_low,-19.0,-135.0,7.105263157894737,NQ plus grand,False
ctx_vwap_slope_accel,0.005,0.035,7.000000000000001,NQ plus grand,False
n_long_dn_zones_active,3.0,21.0,7.0,NQ plus grand,False
dist_prev_vwap,94.2891,650.4101499999999,6.898041767288053,NQ plus grand,False
atr,72.07,488.84,6.7828500069377,NQ plus grand,False
ovn_range_ticks,215.0,1455.0,6.767441860465116,NQ plus grand,False
dist_vwap_m,153.0684,1032.2734500000001,6.743870387356242,NQ plus grand,False
swing_range_ticks,58.0,388.0,6.689655172413793,NQ plus grand,False
momentum_3b,0.75,5.0,6.666666666666667,NQ plus grand,False
bar_body_ticks,3.0,20.0,6.666666666666667,NQ plus grand,False
dist_open_830,76.0,500.0,6.578947368421052,NQ plus grand,False
dist_mq_call_0dte,235.0,1544.5,6.572340425531915,NQ plus grand,False
dist_vwap_d_sd3u,137.0977,898.375,6.552808690444843,NQ plus grand,False
n_big_ask_t3,13.0,2.0,6.5,ES plus grand,False
n_long_up_zones_active,2.0,13.0,6.5,NQ plus grand,False
n_big_ask_v2_t3,13.0,2.0,6.5,ES plus grand,False
range_size,2.75,17.75,6.454545454545454,NQ plus grand,False
dist_swing_high,37.0,236.0,6.378378378378378,NQ plus grand,False
dist_cur_vah,47.0,290.0,6.170212765957447,NQ plus grand,False
range_h_minus_lprev_ticks,12.0,74.0,6.166666666666667,NQ plus grand,False
range_hprev_minus_l_ticks,12.0,74.0,6.166666666666667,NQ plus grand,False
atr_14m,10.93,67.36,6.1628545288197625,NQ plus grand,False
dist_sess_high,121.0,743.0,6.140495867768595,NQ plus grand,False
sess_range_ticks,250.0,1526.0,6.104,NQ plus grand,False
range_size_ticks,110.0,665.0,6.045454545454546,NQ plus grand,False
vah_touches_20b,12.0,2.0,6.0,ES plus grand,False
val_touches_20b,12.0,2.0,6.0,ES plus grand,False
ctx_dist_vwap_velocity,1.2,7.1850000000000005,5.987500000000001,NQ plus grand,False
dist_vwap_d_sd2u,93.6699,556.625,5.942410528889217,NQ plus grand,False
ctx_price_slope_5,0.425,2.5,5.882352941176471,NQ plus grand,False
dist_1d_min_ticks,-140.0391,-822.1562,5.870904625922332,NQ plus grand,False
dist_1d_max_ticks,347.8008,2041.1562,5.868750733178302,NQ plus grand,False
dist_vwap_d_sd2d,-20.3398,-118.92965,5.847139598226137,NQ plus grand,False
ctx_va_width,158.0,923.0,5.841772151898734,NQ plus grand,False
dist_vwap_d_sd3d,-36.2109,-210.625,5.816618752916939,NQ plus grand,False
poc_bar_dist,4.0,23.0,5.75,NQ plus grand,False
dist_session_lvn_above,36.0,202.0,5.611111111111111,NQ plus grand,False
momentum_5b,1.25,7.0,5.6,NQ plus grand,False
dist_session_lvn_below,34.0,185.0,5.4411764705882355,NQ plus grand,False
ctx_poc_migration_10,1.309091,7.0333334999999995,5.372684939396879,NQ plus grand,False
dist_vwap_d_sd1u,56.7324,302.41405,5.330535108685689,NQ plus grand,False
dist_prev_vwap_sd1d,40.2715,214.5,5.326347416907739,NQ plus grand,False
rotation_zz_osc,1.0,5.25,5.25,NQ plus grand,False
dist_session_hvn_above,12.0,60.0,5.0,NQ plus grand,False
n_long_up_cluster_within_0_2pct,1.0,5.0,5.0,NQ plus grand,False
n_long_dn_cluster_within_0_2pct,1.0,5.0,5.0,NQ plus grand,False
dist_gex_nearest_dn,-26.0,-129.0,4.961538461538462,NQ plus grand,False
ctx_va_developing_10,7.0,32.5,4.642857142857143,NQ plus grand,False
dist_mq_put,-124.0,-572.0,4.612903225806452,NQ plus grand,False
dist_vwap_d,24.3516,111.0586,4.560628459731598,NQ plus grand,False
dist_cur_vwap_vp,24.3535,111.0625,4.56043279200115,NQ plus grand,False
next_wall_dist_ticks,62.0,273.0,4.403225806451613,NQ plus grand,False
dist_session_hvn_below,14.0,61.0,4.357142857142857,NQ plus grand,False
single_print_count,31.0,134.0,4.32258064516129,NQ plus grand,False
dist_london_high_pct,-0.025858,-0.1086805,4.202973934565705,NQ plus grand,False
poc_separation_ticks,24.0,100.0,4.166666666666667,NQ plus grand,False
vwap_slope_10,0.5887,2.4424,4.148802446067607,NQ plus grand,False
dist_pdl,65.0,265.5,4.084615384615384,NQ plus grand,False
vwap_slope_30,0.7661,3.0762,4.015402688944002,NQ plus grand,False
vwap_w_sd3u,7833.87,30515.555,3.8953358940089635,NQ plus grand,False
vwap_m_sd3u,7964.59,30949.870000000003,3.885933864768934,NQ plus grand,False
vwap_w_sd2u,7810.03,30287.065000000002,3.8779703791150615,NQ plus grand,False
vwap_m_sd2u,7888.15,30514.095,3.868346190171333,NQ plus grand,False
prev_vah_lvl,7767.75,30001.0,3.862250973576647,NQ plus grand,False
vwap_w_sd1u,7781.58,30046.465,3.861229339028835,NQ plus grand,False
pdh,7770.5,30001.75,3.8609806318769704,NQ plus grand,False
prev_vpoc_lvl,7741.75,29850.0,3.8557173765621466,NQ plus grand,False
vwap_m_sd1u,7812.3,30076.28,3.8498623964773495,NQ plus grand,False
vwap_w,7748.98,29811.12,3.847102457355678,NQ plus grand,False
ib_high,7749.625,29749.5,3.838830911173121,NQ plus grand,False
composite_poc_20d,7773.75,29841.0,3.8386878919440424,NQ plus grand,False
composite_poc_5d,7773.75,29841.0,3.8386878919440424,NQ plus grand,False
prev_val_lvl,7725.75,29644.0,3.837038475228942,NQ plus grand,False
sess_high,7770.5,29811.5,3.8364970079145486,NQ plus grand,False
london_high,7758.25,29757.25,3.835562143524635,NQ plus grand,False
asia_high,7747.5,29707.0,3.8343981929654727,NQ plus grand,False
open_cash,7743.5,29690.25,3.834215793891651,NQ plus grand,False
open_830,7739.25,29670.0,3.8337048163581744,NQ plus grand,False
open_830_lvl,7739.25,29670.0,3.8337048163581744,NQ plus grand,False
vwap_d_sd3u,7784.55,29841.355,3.833407839887983,NQ plus grand,False
cash_high,7766.5,29769.75,3.8330972767655958,NQ plus grand,False
us_high,7766.5,29769.75,3.8330972767655958,NQ plus grand,False
ovn_high,7764.5,29757.25,3.8324747247086095,NQ plus grand,False
open_cash_lvl,7744.25,29672.5,3.831552442134487,NQ plus grand,False
ny_open,7744.25,29672.5,3.831552442134487,NQ plus grand,False
vwap_w_sd1d,7718.31,29564.495000000003,3.8304363260869283,NQ plus grand,False
pvwap_sd1u,7746.28,29671.14,3.830372772479177,NQ plus grand,False
asia_open,7732.25,29617.25,3.8303533900223092,NQ plus grand,False
vwap_m,7736.98,29634.245,3.8302082983282886,NQ plus grand,False
price_1030,7741.9375,29649.1875,3.82968572143601,NQ plus grand,False
asia_low,7727.25,29592.0,3.8295642046006018,NQ plus grand,False
cur_vpoc,7741.75,29640.0,3.828591726676785,NQ plus grand,False
profile_hvn_dominant,7741.75,29640.0,3.828591726676785,NQ plus grand,False
cur_vpoc_lvl,7741.75,29640.0,3.828591726676785,NQ plus grand,False
ovn_low,7727.25,29578.25,3.8277847876023166,NQ plus grand,False
cur_vah,7755.5,29683.5,3.8274128038166464,NQ plus grand,False
cur_vah_lvl,7755.5,29683.5,3.8274128038166464,NQ plus grand,False
pvwap,7738.45,29615.345505,3.827038425653716,NQ plus grand,False
vwap_d_sd2u,7767.96,29725.83,3.826722846152658,NQ plus grand,False
sess_low,7713.25,29514.0,3.826402618870126,NQ plus grand,False
london_low,7731.25,29578.25,3.825804365400162,NQ plus grand,False
pdl,7715.0,29514.0,3.8255346727154893,NQ plus grand,False
pvwap_sd1d,7730.62,29573.13,3.8254538445816766,NQ plus grand,False
cur_val,7733.25,29581.125,3.8251866938221317,NQ plus grand,False
cur_val_lvl,7733.25,29581.125,3.8251866938221317,NQ plus grand,False
vwap_d,7747.53,29634.545,3.8250313325666374,NQ plus grand,False
vwap_d_sd1d,7734.54,29582.199999999997,3.8246876995917014,NQ plus grand,False
single_print_mid,7751.5,29638.0,3.8235180287686252,NQ plus grand,False
prev_vah,7764.25,29686.25,3.823453649740799,NQ plus grand,False
vwap_d_sd1u,7761.05,29672.795,3.823296461174712,NQ plus grand,False
ib_low,7722.1875,29520.875,3.822864311440249,NQ plus grand,False
us_low,7720.75,29514.0,3.8226856199203447,NQ plus grand,False
cash_low,7720.75,29514.0,3.8226856199203447,NQ plus grand,False
bar_high,7752.5,29634.125,3.8225249919380846,NQ plus grand,False
high,7752.5,29634.125,3.8225249919380846,NQ plus grand,False
open,7751.25,29625.625,3.822044831478794,NQ plus grand,False
price,7751.25,29625.125,3.8219803257539104,NQ plus grand,False
close,7751.25,29625.125,3.8219803257539104,NQ plus grand,False
bar_low,7750.25,29617.25,3.821457372342828,NQ plus grand,False
open_830_et,7750.25,29617.25,3.821457372342828,NQ plus grand,False
low,7750.25,29617.25,3.821457372342828,NQ plus grand,False
prev_vpoc,7756.5,29640.0,3.8213111583832915,NQ plus grand,False
vwap_d_sd3d,7725.44,29502.545,3.8188821607571866,NQ plus grand,False
vwap_d_sd2d,7733.29,29527.415,3.818221610724543,NQ plus grand,False
vwap_w_sd3d,7664.78,29254.0,3.8166783651976965,NQ plus grand,False
vwap_w_sd2d,7689.49,29329.46,3.814226951332273,NQ plus grand,False
prev_val,7754.0,29572.5,3.8138380190869228,NQ plus grand,False
vwap_m_sd1d,7663.93,29207.57,3.811043420281761,NQ plus grand,False
vwap_m_sd2d,7601.25,28796.045,3.788330208847229,NQ plus grand,False
vwap_m_sd3d,7538.72,28402.98,3.767613069592716,NQ plus grand,False
dist_cur_val,-4.0,-15.0,3.75,NQ plus grand,False
n_color_dn_zones_active,4.0,15.0,3.75,NQ plus grand,False
dist_ext_edge_sell,3.0,10.0,3.3333333333333335,NQ plus grand,False
n_color_up_zones_active,3.0,10.0,3.3333333333333335,NQ plus grand,False
dist_mq_hvl_0dte_pct,0.22,0.7,3.1818181818181817,NQ plus grand,False
n_color_up_cluster_within_0_2pct,1.0,3.0,3.0,NQ plus grand,False
dist_ext_edge_buy,1.0,3.0,3.0,NQ plus grand,False
retest_high_count,3.0,1.0,3.0,ES plus grand,False
dist_ib_low_pct,-0.048574,-0.141414,2.9113105776753,NQ plus grand,False
ctx_finish_strength_mean_5,26.0,9.4,2.7659574468085104,ES plus grand,False
dist_vwap_w_pct,0.25,0.69,2.76,NQ plus grand,False
big_ask_cluster_20t_t2,11.0,4.0,2.75,ES plus grand,False
big_bid_cluster_20t_t2,11.0,4.0,2.75,ES plus grand,False
finish_strength,45.0,17.0,2.6470588235294117,ES plus grand,False
ctx_vol_slope_5,136.1,51.6,2.637596899224806,ES plus grand,False
dist_vwap_w_sd1u_pct,0.55,1.42,2.5818181818181816,NQ plus grand,False
vol_per_sec,48.7167,19.0833,2.5528446337897535,ES plus grand,False
volume,2919.0,1144.0,2.5515734265734267,ES plus grand,False
total_vol,2919.0,1144.0,2.5515734265734267,ES plus grand,False
sell_vol,1467.0,577.0,2.5424610051993066,ES plus grand,False
cvd_session,5185.0,2042.5,2.5385556915544676,ES plus grand,False
delta_day,5185.0,2042.5,2.5385556915544676,ES plus grand,False
cvd_day,5185.0,2042.5,2.5385556915544676,ES plus grand,False
buy_vol,1460.0,579.0,2.5215889464594126,ES plus grand,False
ctx_delta_slope_5,47.7,20.1,2.373134328358209,ES plus grand,False
dist_pdh_pct,0.595508,1.377036,2.3123719580593374,NQ plus grand,False
diag_neg_delta,392.0,171.0,2.2923976608187133,ES plus grand,False
cvd_ohlc_range,13218.0,5774.0,2.2892275718739175,ES plus grand,False
dist_color_up_nearest_pct,0.48,0.21,2.2857142857142856,ES plus grand,False
dist_cash_low_pct,-0.086502,-0.191638,2.2154169845783915,NQ plus grand,False
ctx_bars_since_div,5.0,11.0,2.2,NQ plus grand,False
dist_color_dn_nearest_pct,0.48,0.22,2.1818181818181817,ES plus grand,False
dist_gex_nearest_up_pct,0.3,0.65,2.166666666666667,NQ plus grand,False
diag_pos_delta,389.0,182.0,2.1373626373626373,ES plus grand,False
ticks_count,2202.0,1059.0,2.0793201133144477,ES plus grand,False
n_edge_sell_active,2.0,4.0,2.0,NQ plus grand,False
div_confluence_with_regime,2.0,1.0,2.0,ES plus grand,False
n_edge_buy_active,2.0,4.0,2.0,NQ plus grand,False
dist_cur_vpoc_pct,0.05,0.1,2.0,NQ plus grand,False
dist_mq_hvl_pct,0.24,0.48,2.0,NQ plus grand,False
atr_regime_zscore_60d,-0.252153,-0.502546,1.993020110805741,NQ plus grand,False
dist_delta_div_buy_nearest_atr,0.00416,0.00820825,1.9731370192307696,NQ plus grand,False
delta_bar,124.0,63.0,1.9682539682539681,ES plus grand,False
cvd_bar_delta,124.0,63.0,1.9682539682539681,ES plus grand,False
dist_ib_high_pct,0.289299,0.5646549999999999,1.9518041887458994,NQ plus grand,False
ctx_delta_sum_3,259.0,133.0,1.9473684210526316,ES plus grand,False
big_ask_cluster_20t,27.0,14.0,1.9285714285714286,ES plus grand,False
dist_cash_high_pct,0.31249,0.5921595,1.8949710390732502,NQ plus grand,False
dist_mq_call_pct,1.42,2.65,1.8661971830985915,NQ plus grand,False
big_bid_cluster_20t,26.0,14.0,1.8571428571428572,ES plus grand,False
dist_sess_low_pct,-0.06,-0.11,1.8333333333333335,NQ plus grand,False
dist_vwap_w_atr,1.0151,1.84015,1.812777066298887,NQ plus grand,False
dist_us_low_pct,0.342544,0.6119844999999999,1.786586540707179,NQ plus grand,False
dist_vwap_m_pct,0.5,0.88,1.76,NQ plus grand,False
dist_ext_color_dn,149.0,261.5,1.75503355704698,NQ plus grand,False
dist_vwap_d_sd3u_pct,0.44,0.76,1.7272727272727273,NQ plus grand,False
dist_mq_call_0dte_pct,0.760887,1.31028,1.7220428263329508,NQ plus grand,False
dist_prev_vah_pct,0.395347,0.679005,1.71749121657683,NQ plus grand,False
ctx_delta_sum_10,535.0,313.0,1.70926517571885,ES plus grand,False
dist_prev_vpoc_atr,1.1545,1.95755,1.695582503248159,NQ plus grand,False
dist_ext_color_up,148.0,249.75,1.6875,NQ plus grand,False
dist_vwap_m_sd1u_pct,1.37,2.3,1.678832116788321,NQ plus grand,False
dist_cur_vah_pct,0.15,0.25,1.6666666666666667,NQ plus grand,False
n_delta_div_sell_zones_active,10.0,6.0,1.6666666666666667,ES plus grand,False
bar_lower_wick_pct,0.0098,0.0163,1.663265306122449,NQ plus grand,False
ctx_cvd_recovery_rate,0.271648,0.44377500000000003,1.6336398574625988,NQ plus grand,False
ctx_cvd_session,3331.0,2055.0,1.6209245742092457,ES plus grand,False
atr_14m_pct,0.0353,0.0571,1.6175637393767706,NQ plus grand,False
dist_sess_high_pct,0.39,0.63,1.6153846153846154,NQ plus grand,False
dist_pvwap_sd1u_pct,0.393109,0.628744,1.5994139030141767,NQ plus grand,False
dist_prev_vpoc_pct,0.371796,0.589278,1.5849498111867797,NQ plus grand,False
bar_upper_wick_pct,0.0098,0.0154,1.5714285714285716,NQ plus grand,False
dist_vwap_d_sd2u_pct,0.3,0.47,1.5666666666666667,NQ plus grand,False
ctx_va_position_velocity,0.1219,0.0779,1.5648267008985879,ES plus grand,False
dist_single_print_atr,0.1173,0.0754,1.5557029177718835,ES plus grand,False
dist_1d_min_ticks_pct,-0.45,-0.69,1.5333333333333332,NQ plus grand,False
dist_1d_max_ticks_pct,1.12,1.71,1.5267857142857142,NQ plus grand,False
big_bid_cluster_50t,29.0,19.0,1.5263157894736843,ES plus grand,False
big_ask_cluster_50t,29.0,19.0,1.5263157894736843,ES plus grand,False
dist_vwap_d_sd3d_pct,-0.12,-0.18,1.5,NQ plus grand,False
n_color_dn_cluster_within_0_2pct,2.0,3.0,1.5,NQ plus grand,False
dist_us_high_pct,-0.119209,-0.1773675,1.487870043369209,NQ plus grand,True
dist_vwap_d_atr,0.3604,0.24225000000000002,1.487719298245614,ES plus grand,True
dist_pvwap_pct,0.356627,0.5176499999999999,1.4515165705344797,NQ plus grand,True
dist_vwap_d_sd1u_pct,0.18,0.26,1.4444444444444446,NQ plus grand,True
n_delta_div_buy_zones_active,10.0,7.0,1.4285714285714286,ES plus grand,True
dist_vwap_d_sd2d_pct,-0.07,-0.1,1.4285714285714286,NQ plus grand,True
dist_london_open_pct,0.320845,0.2289545,1.401348302828728,ES plus grand,True
range_extension_below_ib_atr,0.2363,0.1707,1.384299941417692,ES plus grand,True
dist_gex_nearest_dn_pct,-0.08,-0.11,1.375,NQ plus grand,True
dist_pdh_atr,-0.053552,0.073143,1.3658313414998506,NQ plus grand,True
ctx_rvol_session,5.35908,3.971157,1.34950091371356,ES plus grand,True
ask_bid_imbalance,0.0673,0.09079999999999999,1.3491827637444278,NQ plus grand,True
delta_bar_vol_norm,0.0673,0.09079999999999999,1.3491827637444278,NQ plus grand,True
delta_pct,0.0673,0.09079999999999999,1.3491827637444278,NQ plus grand,True
large_trader_max_size,1.7822,2.4,1.3466502076085736,NQ plus grand,True
dist_prev_val_pct,0.315314,0.42294750000000003,1.341353381074104,NQ plus grand,True
ctx_div_density_20,8.0,6.0,1.3333333333333333,ES plus grand,True
dist_london_low_pct,0.376284,0.5015575,1.3329227392076197,NQ plus grand,True
dist_pvwap_sd1d_pct,0.316342,0.4216355,1.3328470452864305,NQ plus grand,True
bars_since_last_swing_low,165.0,219.0,1.3272727272727274,NQ plus grand,True
dist_asia_low_pct,0.505792,0.66741,1.3195345122105528,NQ plus grand,True
dist_delta_div_sell_nearest_atr,0.025776,0.033879,1.3143621973929236,NQ plus grand,True
dist_composite_poc_5d_atr,0.6960500000000001,0.894,1.284390489188995,NQ plus grand,True
profile_overlap_below_pdl,0.9492,0.7435750000000001,1.2765356554483407,ES plus grand,True
dist_edge_buy_nearest_pct,0.24,0.19,1.263157894736842,ES plus grand,True
dist_asia_open_pct,0.35535,0.283618,1.252917656848296,ES plus grand,True
diag_imbalance,0.2505,0.30735,1.2269461077844313,NQ plus grand,True
dist_mq_put_pct,-0.4,-0.49,1.2249999999999999,NQ plus grand,True
single_print_density,0.3684,0.30605,1.2037248815553014,ES plus grand,True
profile_skew,0.0599,0.0721,1.2036727879799665,NQ plus grand,True
ctx_mq_put_call_ratio,2.046875,2.451777,1.1978147175572518,NQ plus grand,True
ctx_ib_position_velocity,0.0534,0.0447,1.1946308724832215,ES plus grand,True
dist_composite_poc_20d_atr,0.7704500000000001,0.9089,1.1797001752222727,NQ plus grand,True
bars_since_last_swing_high,120.0,140.0,1.1666666666666667,NQ plus grand,True
dist_edge_sell_nearest_pct,0.23,0.2,1.15,ES plus grand,True
dist_cash_high_atr,-0.137026,-0.120082,1.141103579220866,ES plus grand,True
volume_imbalance,1.25,1.4259,1.14072,NQ plus grand,True
position_in_range,0.7292,0.64405,1.1322102321248348,ES plus grand,True
poc_position,0.6063,0.6863,1.131947880587168,NQ plus grand,True
dist_vwap_d_pct,0.08,0.09,1.125,NQ plus grand,True
open_type,8.0,9.0,1.125,NQ plus grand,True
bars_since_retest_high,19.0,17.0,1.1176470588235294,ES plus grand,True
p99_trade_size_proxy,1.8261,1.63455,1.1171882169404423,ES plus grand,True
sess_range_atr,3.8198,3.4463,1.108377100078345,ES plus grand,True
ctx_ib_extension_ratio,2.202532,1.989362,1.1071549572174395,ES plus grand,True
ctx_range_vs_atr_10,0.043317,0.0392135,1.104645083963431,ES plus grand,True
ib_range_atr,2.047,2.2566,1.1023937469467513,NQ plus grand,True
bars_since_last_sweep_low,11.0,10.0,1.1,ES plus grand,True
fvg_up_active,11.0,10.0,1.1,ES plus grand,True
dist_vwap_m_atr,2.5451,2.3449,1.0853767751290035,ES plus grand,True
range_extension_above_ib_atr,0.3768,0.4061,1.07776008492569,NQ plus grand,True
dist_pdl_pct,0.208648,0.2234595,1.0709879797553774,NQ plus grand,True
im_cross_delta_weighted_5,46.0,43.0,1.069767441860465,ES plus grand,True
dist_ny_open_pct,0.191124,0.204044,1.0676000920868127,NQ plus grand,True
dist_vwap_m_sd1d_pct,-0.3,-0.32,1.0666666666666667,NQ plus grand,True
range_pos_va,100.0,94.1176,1.0625005312502658,ES plus grand,True
bars_since_retest_low,17.0,16.0,1.0625,ES plus grand,True
rvol_zscore,0.5478,0.5178499999999999,1.0578352804866276,ES plus grand,True
ctx_vol_z_20,0.54755,0.5178435,1.0573657871538409,ES plus grand,True
range_pos,1.0,0.946504,1.0565195709685327,ES plus grand,True
bars_in_va,18.0,19.0,1.0555555555555556,NQ plus grand,True
ctx_vol_z_5,0.696853,0.666885,1.0449372830398045,ES plus grand,True
pct_in_range,0.707071,0.7378145,1.043480074843969,NQ plus grand,True
im_volume_lead,132.45,138.2,1.0434126085315214,NQ plus grand,True
ctx_vol_sell_buy_ratio_5,1.09529,1.0648235,1.0286117840186662,ES plus grand,True
ib_position_pct,0.7368,0.7572,1.0276872964169381,NQ plus grand,True
dist_cash_low_atr,0.408598,0.418145,1.0233652636576782,NQ plus grand,True
ask_pct,0.5337,0.54545,1.022016113921679,NQ plus grand,True
buy_sell_ratio,0.5337,0.54545,1.022016113921679,NQ plus grand,True
va_position_pct,0.7561,0.7724,1.0215579949742097,NQ plus grand,True
bar_body_pct,47.37,46.385000000000005,1.0212353131400236,ES plus grand,True
dist_pdl_atr,0.722622,0.735148,1.0173340972181861,NQ plus grand,True
im_ltr_slope_diff,0.057505,0.05827,1.0133031910268673,NQ plus grand,True
large_trader_ratio,1.1505,1.1645500000000002,1.0122120817036073,NQ plus grand,True
im_rolling_correlation_10,0.7792225,0.773425,1.0074958787212722,ES plus grand,True
rvol,1.1953,1.1866500000000002,1.0072894282223064,ES plus grand,True
bid_pct,0.5376,0.5346,1.005611672278339,ES plus grand,True
dist_vix_call,10.06,10.055,1.0004972650422677,ES plus grand,True
bars_since_boot,15246.0,15248.5,1.0001639774367046,NQ plus grand,True
_phase3_bars_processed,15246.0,15248.5,1.0001639774367046,NQ plus grand,True
aggressor_imbalance,0.027027,0.027026,1.0000370014060533,ES plus grand,True
ts_event_ns,1.78818516e+18,1.78818525e+18,1.0000000503303583,NQ plus grand,True
ts,1788185160000.0,1788185250000.0,1.0000000503303583,NQ plus grand,True
ts_raw_ms,1788185160000.0,1788185249500.0,1.0000000500507453,NQ plus grand,True
big_ask_cluster_20t_t1,10.0,10.0,1.0,ES plus grand,True
dist_cluster_nearest_dn,-1.0,-1.0,1.0,ES plus grand,True
n_clusters_20t,20.0,20.0,1.0,ES plus grand,True
n_clusters_50t,20.0,20.0,1.0,ES plus grand,True
open_zone,6.0,6.0,1.0,ES plus grand,True
open_bias_conf,0.65,0.65,1.0,ES plus grand,True
fvg_dn_active,14.0,14.0,1.0,ES plus grand,True
im_cross_delta_agreement_5,0.6,0.6,1.0,ES plus grand,True
dist_cur_val_pct,-0.01,-0.01,1.0,ES plus grand,True
profile_overlap_pct,1.0,1.0,1.0,ES plus grand,True
big_bid_cluster_20t_t1,10.0,10.0,1.0,ES plus grand,True
high_ask_vol_pct,1.0,1.0,1.0,ES plus grand,True
low_bid_vol_pct,1.0,1.0,1.0,ES plus grand,True
mins_since_news,290.0,290.0,1.0,ES plus grand,True
mins_et,860.0,860.0,1.0,ES plus grand,True
ctx_side_flip_count_10,6.0,6.0,1.0,ES plus grand,True
finish_delta_pct,1.0,1.0,1.0,ES plus grand,True
ctx_excess_high_bars,12.0,12.0,1.0,ES plus grand,True
bar_duration_sec,60.0,60.0,1.0,ES plus grand,True
dist_big_bid_nearest_dn,-1.0,-1.0,1.0,ES plus grand,True
dist_big_ask_nearest_dn,-1.0,-1.0,1.0,ES plus grand,True
n_big_bid_t2,20.0,20.0,1.0,ES plus grand,True
n_big_ask_t2,20.0,20.0,1.0,ES plus grand,True
ctx_excess_low_bars,12.0,12.0,1.0,ES plus grand,True
news_minutes_until,2831.00416675,2831.00416675,1.0,ES plus grand,True
days_since_roll,73.0,73.0,1.0,ES plus grand,True
news_seconds_until,169860.25,169860.25,1.0,ES plus grand,True
n_big_ask_v2_t2,20.0,20.0,1.0,ES plus grand,True
rvol_regime,1.0,1.0,1.0,ES plus grand,True
dist_vix_put,0.87,0.87,1.0,ES plus grand,True
dist_vix_call_0dte,5.25,5.25,1.0,ES plus grand,True
dist_vix_put_0dte,0.82,0.82,1.0,ES plus grand,True
dist_vix_hvl_0dte,4.32,4.32,1.0,ES plus grand,True
dist_vix_gex_nearest_up,0.61,0.61,1.0,ES plus grand,True
dist_vix_gex_nearest_dn,-0.18,-0.18,1.0,ES plus grand,True
ctx_trend_day_score,0.55,0.55,1.0,ES plus grand,True
ctx_rotation_factor_20,3.0,3.0,1.0,ES plus grand,True
vix_level,15.62,15.62,1.0,ES plus grand,True
n_big_bid_v2_t2,20.0,20.0,1.0,ES plus grand,True
dist_vix_hvl,4.81,4.81,1.0,ES plus grand,True
sweep_high_active,1.0,1.0,1.0,ES plus grand,True
bars_since_last_sweep_high,10.0,10.0,1.0,ES plus grand,True
sweep_low_active,1.0,1.0,1.0,ES plus grand,True
